{"cameraMode":{"drawMode":0,"name":"Shaded","section":"Shading Mode"},"sceneLighting":false,"audioPlay":false,"sceneViewState":{"m_AlwaysRefresh":false,"showFog":true,"showSkybox":false,"showFlares":true,"showImageEffects":true,"showParticleSystems":true,"showVisualEffectGraphs":true,"m_FxEnabled":true},"in2DMode":false,"pivot":{"x":-0.39514732360839846,"y":-4.979122161865234,"z":3.5699996948242189},"rotation":{"x":-0.5519558191299439,"y":0.08644039928913117,"z":-0.05766651779413223,"w":-0.8273825645446777},"size":17.854717254638673,"orthographic":false}