{"cameraMode":{"drawMode":0,"name":"Shaded","section":"Shading Mode"},"sceneLighting":true,"audioPlay":false,"sceneViewState":{"m_AlwaysRefresh":false,"showFog":true,"showSkybox":true,"showFlares":true,"showImageEffects":true,"showParticleSystems":true,"showVisualEffectGraphs":true,"m_FxEnabled":true},"in2DMode":false,"pivot":{"x":-3.5655975341796877,"y":0.932989239692688,"z":-13.855878829956055},"rotation":{"x":-0.22630681097507478,"y":-0.015488609671592713,"z":0.003601796692237258,"w":-0.9739416241645813},"size":1.2315753698349,"orthographic":false}